{
  "PPO": {
    "model_path": null,
    "n_episodes": 100,
    "seed": 3000,
    "success_rate": 1.0,
    "crash_rate": 0.0,
    "timeout_rate": 0.0,
    "out_of_bounds_rate": 0.0,
    "velocity_exceeded_rate": 0.0,
    "acceleration_exceeded_rate": 0.0,
    "mean_final_height_error": 0.0,
    "std_final_height_error": 0.0,
    "mean_final_velocity_error": 1.1779417131283858,
    "std_final_velocity_error": 0.2082452204303893,
    "mean_fuel_used": 4.391313781133853,
    "std_fuel_used": 0.2165668406871298,
    "mean_landing_time": 7.271499999999982,
    "std_landing_time": 0.40343865704713877,
    "mean_episode_reward": 1251.3300011207893,
    "std_episode_reward": 27.5489788473841,
    "mean_abs_throttle_delta": 0.014755740522558965,
    "mean_max_velocity": 15.728372131599558,
    "mean_max_acceleration": 9.810048718794476,
    "mean_safety_interventions": 0.0,
    "mean_safety_intervention_rate": 0.0,
    "terminal_reason_counts": {
      "success": 100
    }
  },
  "PID": {
    "model_path": null,
    "n_episodes": 100,
    "seed": 13000,
    "success_rate": 1.0,
    "crash_rate": 0.0,
    "timeout_rate": 0.0,
    "out_of_bounds_rate": 0.0,
    "velocity_exceeded_rate": 0.0,
    "acceleration_exceeded_rate": 0.0,
    "mean_final_height_error": 0.0,
    "std_final_height_error": 0.0,
    "mean_final_velocity_error": 1.6818796771156896,
    "std_final_velocity_error": 0.024908114403258172,
    "mean_fuel_used": 4.238188069792226,
    "std_fuel_used": 0.10049840110639505,
    "mean_landing_time": 7.020999999999982,
    "std_landing_time": 0.1922472366511408,
    "mean_episode_reward": 1165.900481931494,
    "std_episode_reward": 16.749103082992267,
    "mean_abs_throttle_delta": 0.05636786354667236,
    "mean_max_velocity": 14.575669419031776,
    "mean_max_acceleration": 15.041248433574951,
    "mean_safety_interventions": 0.0,
    "mean_safety_intervention_rate": 0.0,
    "terminal_reason_counts": {
      "success": 100
    }
  },
  "MPC": {
    "model_path": null,
    "n_episodes": 100,
    "seed": 23000,
    "success_rate": 0.0,
    "crash_rate": 1.0,
    "timeout_rate": 0.0,
    "out_of_bounds_rate": 0.0,
    "velocity_exceeded_rate": 0.0,
    "acceleration_exceeded_rate": 0.0,
    "mean_final_height_error": 0.0,
    "std_final_height_error": 0.0,
    "mean_final_velocity_error": 4.985286462290504,
    "std_final_velocity_error": 0.9321346241037964,
    "mean_fuel_used": 5.000000000000011,
    "std_fuel_used": 1.74499372324175e-15,
    "mean_landing_time": 8.80249999999999,
    "std_landing_time": 0.127156399760297,
    "mean_episode_reward": -1438.5126267979213,
    "std_episode_reward": 33.138415470866576,
    "mean_abs_throttle_delta": 0.014413783698775318,
    "mean_max_velocity": 7.724619227003343,
    "mean_max_acceleration": 9.795773113374796,
    "mean_safety_interventions": 0.0,
    "mean_safety_intervention_rate": 0.0,
    "terminal_reason_counts": {
      "crash": 100
    }
  },
  "ET-MPC": {
    "model_path": null,
    "n_episodes": 100,
    "seed": 33000,
    "success_rate": 0.0,
    "crash_rate": 1.0,
    "timeout_rate": 0.0,
    "out_of_bounds_rate": 0.0,
    "velocity_exceeded_rate": 0.0,
    "acceleration_exceeded_rate": 0.0,
    "mean_final_height_error": 0.0,
    "std_final_height_error": 0.0,
    "mean_final_velocity_error": 19.92336669596395,
    "std_final_velocity_error": 1.305044968494965,
    "mean_fuel_used": 1.8235499928519152,
    "std_fuel_used": 0.24991834510307306,
    "mean_landing_time": 4.759499999999991,
    "std_landing_time": 0.28334563698775994,
    "mean_episode_reward": -1354.888479702762,
    "std_episode_reward": 21.79858876972213,
    "mean_abs_throttle_delta": 0.00012944153142968964,
    "mean_max_velocity": 19.92336669596395,
    "mean_max_acceleration": 4.813317048775497,
    "mean_safety_interventions": 0.0,
    "mean_safety_intervention_rate": 0.0,
    "terminal_reason_counts": {
      "crash": 100
    },
    "mean_trigger_rate": 0.020622648480522664
  }
}